28,google-us-central1,296,7439
28,google-us-central1,190,7439
28,google-us-central1,286,7439
28,google-us-central1,192,7439
28,google-us-central1,277,7439
28,google-us-central1,255,7439
28,google-us-central1,254,7439
28,google-us-central1,270,7439
28,google-us-central1,200,7439
28,google-us-central1,186,7439
28,google-us-central1,157,7439
28,google-us-central1,268,7439
28,google-us-central1,309,7439
28,google-us-central1,209,7439
28,google-us-central1,152,7439
28,google-us-central1,211,7439
28,google-us-central1,163,7439
28,google-us-central1,254,7439
28,google-us-central1,245,7439
28,google-us-central1,169,7439
28,google-us-central1,158,7439
28,google-us-central1,204,7439
28,google-us-central1,178,7439
28,google-us-central1,156,7439
28,google-us-central1,235,7439
28,google-us-central1,164,7439
28,google-us-central1,268,7439
28,google-us-central1,185,7439
28,google-us-central1,280,7439
28,google-us-central1,193,7439
28,google-us-central1,205,7439
28,google-us-central1,163,7439
28,google-us-central1,169,7439
28,google-us-central1,163,7439
28,google-us-central1,235,7439
28,google-us-central1,202,7439
28,google-us-central1,254,7439
28,google-us-central1,222,7439
28,google-us-central1,170,7439
28,google-us-central1,168,7439
28,google-us-central1,186,7439
28,google-us-central1,155,7439
28,google-us-central1,157,7439
28,google-us-central1,159,7439
28,google-us-central1,762,7439
28,google-us-central1,218,7439
28,google-us-central1,161,7439
28,google-us-central1,180,7439
28,google-us-central1,175,7439
28,google-us-central1,161,7439
28,google-us-central1,288,7439
28,google-us-central1,244,7439
28,google-us-central1,167,7439
28,google-us-central1,166,7439
28,google-us-central1,355,7439
28,google-us-central1,200,7439
28,google-us-central1,328,7439
28,google-us-central1,300,7439
28,google-us-central1,226,7439
28,google-us-central1,328,7439
28,google-us-central1,207,7439
28,google-us-central1,178,7439
28,google-us-central1,188,7439
28,google-us-central1,289,7439
28,google-us-central1,195,7439
28,google-us-central1,191,7439
28,google-us-central1,184,7439
28,google-us-central1,192,7439
28,google-us-central1,172,7439
28,google-us-central1,263,7439
28,google-us-central1,240,7439
28,google-us-central1,273,7439
28,google-us-central1,201,7439
28,google-us-central1,189,7439
28,google-us-central1,270,7439
28,google-us-central1,220,7439
28,google-us-central1,278,7439
28,google-us-central1,291,7439
28,google-us-central1,197,7439
28,google-us-central1,195,7439
28,google-us-central1,175,7439
28,google-us-central1,249,7439
28,google-us-central1,235,7439
28,google-us-central1,235,7439
28,google-us-central1,287,7439
28,google-us-central1,195,7439
28,google-us-central1,198,7439
28,google-us-central1,222,7439
28,google-us-central1,206,7439
28,google-us-central1,269,7439
28,google-us-central1,296,7439
28,google-us-central1,281,7439
28,google-us-central1,178,7439
28,google-us-central1,220,7439
28,google-us-central1,174,7439
28,google-us-central1,163,7439
28,google-us-central1,169,7439
28,google-us-central1,177,7439
28,google-us-central1,208,7439
28,google-us-central1,251,7439
29,google-us-east1,192,7220
29,google-us-east1,707,7220
29,google-us-east1,786,7220
29,google-us-east1,824,7220
29,google-us-east1,768,7220
29,google-us-east1,912,7220
29,google-us-east1,197,7220
29,google-us-east1,171,7220
29,google-us-east1,794,7220
29,google-us-east1,219,7220
29,google-us-east1,209,7220
29,google-us-east1,197,7220
29,google-us-east1,242,7220
29,google-us-east1,778,7220
29,google-us-east1,169,7220
29,google-us-east1,183,7220
29,google-us-east1,819,7220
29,google-us-east1,786,7220
29,google-us-east1,1241,7220
29,google-us-east1,785,7220
29,google-us-east1,165,7220
29,google-us-east1,818,7220
29,google-us-east1,152,7220
29,google-us-east1,146,7220
29,google-us-east1,782,7220
29,google-us-east1,788,7220
29,google-us-east1,223,7220
29,google-us-east1,796,7220
29,google-us-east1,207,7220
29,google-us-east1,802,7220
29,google-us-east1,255,7220
29,google-us-east1,782,7220
29,google-us-east1,148,7220
29,google-us-east1,791,7220
29,google-us-east1,778,7220
29,google-us-east1,235,7220
29,google-us-east1,205,7220
29,google-us-east1,772,7220
29,google-us-east1,154,7220
29,google-us-east1,175,7220
29,google-us-east1,174,7220
29,google-us-east1,151,7220
29,google-us-east1,150,7220
29,google-us-east1,777,7220
29,google-us-east1,786,7220
29,google-us-east1,169,7220
29,google-us-east1,213,7220
29,google-us-east1,165,7220
29,google-us-east1,167,7220
29,google-us-east1,822,7220
29,google-us-east1,904,7220
29,google-us-east1,245,7220
29,google-us-east1,786,7220
29,google-us-east1,861,7220
29,google-us-east1,781,7220
29,google-us-east1,867,7220
29,google-us-east1,338,7220
29,google-us-east1,794,7220
29,google-us-east1,176,7220
29,google-us-east1,146,7220
29,google-us-east1,852,7220
29,google-us-east1,154,7220
29,google-us-east1,798,7220
29,google-us-east1,799,7220
29,google-us-east1,151,7220
29,google-us-east1,163,7220
29,google-us-east1,886,7220
29,google-us-east1,161,7220
29,google-us-east1,192,7220
29,google-us-east1,175,7220
29,google-us-east1,220,7220
29,google-us-east1,215,7220
29,google-us-east1,200,7220
29,google-us-east1,796,7220
29,google-us-east1,792,7220
29,google-us-east1,159,7220
29,google-us-east1,807,7220
29,google-us-east1,177,7220
29,google-us-east1,165,7220
29,google-us-east1,180,7220
29,google-us-east1,801,7220
29,google-us-east1,793,7220
29,google-us-east1,203,7220
29,google-us-east1,868,7220
29,google-us-east1,826,7220
29,google-us-east1,163,7220
29,google-us-east1,693,7220
29,google-us-east1,781,7220
29,google-us-east1,800,7220
29,google-us-east1,783,7220
29,google-us-east1,847,7220
29,google-us-east1,785,7220
29,google-us-east1,198,7220
29,google-us-east1,272,7220
29,google-us-east1,167,7220
29,google-us-east1,798,7220
29,google-us-east1,810,7220
29,google-us-east1,866,7220
29,google-us-east1,157,7220
29,google-us-east1,278,7220
30,google-us-east4,186,6721
30,google-us-east4,251,6721
30,google-us-east4,174,6721
30,google-us-east4,786,6721
30,google-us-east4,168,6721
30,google-us-east4,167,6721
30,google-us-east4,145,6721
30,google-us-east4,187,6721
30,google-us-east4,196,6721
30,google-us-east4,203,6721
30,google-us-east4,136,6721
30,google-us-east4,689,6721
30,google-us-east4,714,6721
30,google-us-east4,135,6721
30,google-us-east4,597,6721
30,google-us-east4,213,6721
30,google-us-east4,139,6721
30,google-us-east4,157,6721
30,google-us-east4,159,6721
30,google-us-east4,218,6721
30,google-us-east4,183,6721
30,google-us-east4,184,6721
30,google-us-east4,249,6721
30,google-us-east4,132,6721
30,google-us-east4,130,6721
30,google-us-east4,160,6721
30,google-us-east4,163,6721
30,google-us-east4,209,6721
30,google-us-east4,692,6721
30,google-us-east4,134,6721
30,google-us-east4,812,6721
30,google-us-east4,141,6721
30,google-us-east4,139,6721
30,google-us-east4,143,6721
30,google-us-east4,755,6721
30,google-us-east4,244,6721
30,google-us-east4,179,6721
30,google-us-east4,134,6721
30,google-us-east4,744,6721
30,google-us-east4,138,6721
30,google-us-east4,236,6721
30,google-us-east4,137,6721
30,google-us-east4,247,6721
30,google-us-east4,726,6721
30,google-us-east4,139,6721
30,google-us-east4,161,6721
30,google-us-east4,235,6721
30,google-us-east4,232,6721
30,google-us-east4,151,6721
30,google-us-east4,143,6721
30,google-us-east4,200,6721
30,google-us-east4,165,6721
30,google-us-east4,700,6721
30,google-us-east4,696,6721
30,google-us-east4,137,6721
30,google-us-east4,209,6721
30,google-us-east4,697,6721
30,google-us-east4,242,6721
30,google-us-east4,213,6721
30,google-us-east4,187,6721
30,google-us-east4,136,6721
30,google-us-east4,229,6721
30,google-us-east4,139,6721
30,google-us-east4,233,6721
30,google-us-east4,169,6721
30,google-us-east4,161,6721
30,google-us-east4,412,6721
30,google-us-east4,172,6721
30,google-us-east4,705,6721
30,google-us-east4,184,6721
30,google-us-east4,148,6721
30,google-us-east4,155,6721
30,google-us-east4,246,6721
30,google-us-east4,149,6721
30,google-us-east4,193,6721
30,google-us-east4,158,6721
30,google-us-east4,147,6721
30,google-us-east4,193,6721
30,google-us-east4,155,6721
30,google-us-east4,149,6721
30,google-us-east4,713,6721
30,google-us-east4,176,6721
30,google-us-east4,166,6721
30,google-us-east4,153,6721
30,google-us-east4,186,6721
30,google-us-east4,152,6721
30,google-us-east4,235,6721
30,google-us-east4,317,6721
30,google-us-east4,189,6721
30,google-us-east4,739,6721
30,google-us-east4,638,6721
30,google-us-east4,248,6721
30,google-us-east4,193,6721
30,google-us-east4,177,6721
30,google-us-east4,150,6721
30,google-us-east4,232,6721
30,google-us-east4,794,6721
30,google-us-east4,800,6721
30,google-us-east4,715,6721
30,google-us-east4,710,6721
30,google-europe-west1,141,471
31,google-europe-west1,84,471
31,google-europe-west1,173,471
31,google-europe-west1,77,471
31,google-europe-west1,329,471
31,google-europe-west1,113,471
31,google-europe-west1,58,471
31,google-europe-west1,79,471
31,google-europe-west1,59,471
31,google-europe-west1,105,471
31,google-europe-west1,59,471
31,google-europe-west1,129,471
31,google-europe-west1,185,471
31,google-europe-west1,124,471
31,google-europe-west1,106,471
31,google-europe-west1,127,471
31,google-europe-west1,52,471
31,google-europe-west1,109,471
31,google-europe-west1,69,471
31,google-europe-west1,89,471
31,google-europe-west1,153,471
31,google-europe-west1,55,471
31,google-europe-west1,69,471
31,google-europe-west1,65,471
31,google-europe-west1,59,471
31,google-europe-west1,115,471
31,google-europe-west1,172,471
31,google-europe-west1,67,471
31,google-europe-west1,157,471
31,google-europe-west1,112,471
31,google-europe-west1,81,471
31,google-europe-west1,148,471
31,google-europe-west1,97,471
31,google-europe-west1,137,471
31,google-europe-west1,79,471
31,google-europe-west1,112,471
31,google-europe-west1,83,471
31,google-europe-west1,143,471
31,google-europe-west1,63,471
31,google-europe-west1,63,471
31,google-europe-west1,91,471
31,google-europe-west1,67,471
31,google-europe-west1,94,471
31,google-europe-west1,75,471
31,google-europe-west1,231,471
31,google-europe-west1,192,471
31,google-europe-west1,66,471
31,google-europe-west1,65,471
31,google-europe-west1,66,471
31,google-europe-west1,74,471
31,google-europe-west1,156,471
31,google-europe-west1,105,471
31,google-europe-west1,172,471
31,google-europe-west1,164,471
31,google-europe-west1,113,471
31,google-europe-west1,64,471
31,google-europe-west1,64,471
31,google-europe-west1,154,471
31,google-europe-west1,61,471
31,google-europe-west1,138,471
31,google-europe-west1,124,471
31,google-europe-west1,109,471
31,google-europe-west1,122,471
31,google-europe-west1,79,471
31,google-europe-west1,90,471
31,google-europe-west1,90,471
31,google-europe-west1,147,471
31,google-europe-west1,120,471
31,google-europe-west1,74,471
31,google-europe-west1,132,471
31,google-europe-west1,90,471
31,google-europe-west1,187,471
31,google-europe-west1,91,471
31,google-europe-west1,249,471
31,google-europe-west1,71,471
31,google-europe-west1,162,471
31,google-europe-west1,120,471
31,google-europe-west1,91,471
31,google-europe-west1,88,471
31,google-europe-west1,99,471
31,google-europe-west1,85,471
31,google-europe-west1,232,471
31,google-europe-west1,80,471
31,google-europe-west1,104,471
31,google-europe-west1,116,471
31,google-europe-west1,92,471
31,google-europe-west1,75,471
31,google-europe-west1,96,471
31,google-europe-west1,194,471
31,google-europe-west1,202,471
31,google-europe-west1,76,471
31,google-europe-west1,76,471
31,google-europe-west1,83,471
31,google-europe-west1,101,471
31,google-europe-west1,69,471
31,google-europe-west1,193,471
31,google-europe-west1,91,471
31,google-europe-west1,106,471
31,google-europe-west1,110,471
31,google-europe-west1,105,471
32,google-europe-west2,250,747
32,google-europe-west2,175,747
32,google-europe-west2,273,747
32,google-europe-west2,82,747
32,google-europe-west2,155,747
32,google-europe-west2,195,747
32,google-europe-west2,169,747
32,google-europe-west2,210,747
32,google-europe-west2,96,747
32,google-europe-west2,152,747
32,google-europe-west2,176,747
32,google-europe-west2,258,747
32,google-europe-west2,63,747
32,google-europe-west2,53,747
32,google-europe-west2,571,747
32,google-europe-west2,269,747
32,google-europe-west2,241,747
32,google-europe-west2,61,747
32,google-europe-west2,164,747
32,google-europe-west2,176,747
32,google-europe-west2,245,747
32,google-europe-west2,178,747
32,google-europe-west2,204,747
32,google-europe-west2,251,747
32,google-europe-west2,236,747
32,google-europe-west2,237,747
32,google-europe-west2,286,747
32,google-europe-west2,75,747
32,google-europe-west2,184,747
32,google-europe-west2,174,747
32,google-europe-west2,184,747
32,google-europe-west2,139,747
32,google-europe-west2,177,747
32,google-europe-west2,64,747
32,google-europe-west2,148,747
32,google-europe-west2,208,747
32,google-europe-west2,208,747
32,google-europe-west2,64,747
32,google-europe-west2,229,747
32,google-europe-west2,201,747
32,google-europe-west2,284,747
32,google-europe-west2,162,747
32,google-europe-west2,197,747
32,google-europe-west2,64,747
32,google-europe-west2,62,747
32,google-europe-west2,79,747
32,google-europe-west2,84,747
32,google-europe-west2,158,747
32,google-europe-west2,92,747
32,google-europe-west2,186,747
32,google-europe-west2,62,747
32,google-europe-west2,283,747
32,google-europe-west2,152,747
32,google-europe-west2,132,747
32,google-europe-west2,191,747
32,google-europe-west2,186,747
32,google-europe-west2,186,747
32,google-europe-west2,134,747
32,google-europe-west2,198,747
32,google-europe-west2,196,747
32,google-europe-west2,182,747
32,google-europe-west2,164,747
32,google-europe-west2,171,747
32,google-europe-west2,215,747
32,google-europe-west2,231,747
32,google-europe-west2,281,747
32,google-europe-west2,185,747
32,google-europe-west2,236,747
32,google-europe-west2,283,747
32,google-europe-west2,258,747
32,google-europe-west2,117,747
32,google-europe-west2,132,747
32,google-europe-west2,212,747
32,google-europe-west2,259,747
32,google-europe-west2,213,747
32,google-europe-west2,188,747
32,google-europe-west2,197,747
32,google-europe-west2,211,747
32,google-europe-west2,153,747
32,google-europe-west2,86,747
32,google-europe-west2,95,747
32,google-europe-west2,142,747
32,google-europe-west2,94,747
32,google-europe-west2,124,747
32,google-europe-west2,224,747
32,google-europe-west2,198,747
32,google-europe-west2,202,747
32,google-europe-west2,198,747
32,google-europe-west2,84,747
32,google-europe-west2,82,747
32,google-europe-west2,190,747
32,google-europe-west2,285,747
32,google-europe-west2,103,747
32,google-europe-west2,266,747
32,google-europe-west2,221,747
32,google-europe-west2,99,747
32,google-europe-west2,229,747
32,google-europe-west2,223,747
32,google-europe-west2,204,747
32,google-europe-west2,426,747
33,google-asia-east2,2068,9402
33,google-asia-east2,2016,9402
33,google-asia-east2,2072,9402
33,google-asia-east2,2018,9402
33,google-asia-east2,1979,9402
33,google-asia-east2,2006,9402
33,google-asia-east2,2048,9402
33,google-asia-east2,2053,9402
33,google-asia-east2,2109,9402
33,google-asia-east2,323,9402
33,google-asia-east2,1981,9402
33,google-asia-east2,1977,9402
33,google-asia-east2,2057,9402
33,google-asia-east2,325,9402
33,google-asia-east2,1978,9402
33,google-asia-east2,2004,9402
33,google-asia-east2,2049,9402
33,google-asia-east2,2001,9402
33,google-asia-east2,2007,9402
33,google-asia-east2,2000,9402
33,google-asia-east2,1985,9402
33,google-asia-east2,1960,9402
33,google-asia-east2,358,9402
33,google-asia-east2,1970,9402
33,google-asia-east2,1998,9402
33,google-asia-east2,1986,9402
33,google-asia-east2,2006,9402
33,google-asia-east2,2028,9402
33,google-asia-east2,2000,9402
33,google-asia-east2,2726,9402
33,google-asia-east2,344,9402
33,google-asia-east2,318,9402
33,google-asia-east2,2060,9402
33,google-asia-east2,2015,9402
33,google-asia-east2,1982,9402
33,google-asia-east2,2051,9402
33,google-asia-east2,2140,9402
33,google-asia-east2,2013,9402
33,google-asia-east2,2056,9402
33,google-asia-east2,1987,9402
33,google-asia-east2,360,9402
33,google-asia-east2,1812,9402
33,google-asia-east2,2079,9402
33,google-asia-east2,2048,9402
33,google-asia-east2,1994,9402
33,google-asia-east2,2039,9402
33,google-asia-east2,2060,9402
33,google-asia-east2,2088,9402
33,google-asia-east2,2128,9402
33,google-asia-east2,1981,9402
33,google-asia-east2,2008,9402
33,google-asia-east2,2044,9402
33,google-asia-east2,2056,9402
33,google-asia-east2,1971,9402
33,google-asia-east2,2065,9402
33,google-asia-east2,2000,9402
33,google-asia-east2,2003,9402
33,google-asia-east2,1995,9402
33,google-asia-east2,397,9402
33,google-asia-east2,2106,9402
33,google-asia-east2,2008,9402
33,google-asia-east2,1992,9402
33,google-asia-east2,336,9402
33,google-asia-east2,2066,9402
33,google-asia-east2,1987,9402
33,google-asia-east2,1988,9402
33,google-asia-east2,2027,9402
33,google-asia-east2,2000,9402
33,google-asia-east2,2062,9402
33,google-asia-east2,1719,9402
33,google-asia-east2,356,9402
33,google-asia-east2,427,9402
33,google-asia-east2,2002,9402
33,google-asia-east2,2091,9402
33,google-asia-east2,2108,9402
33,google-asia-east2,2010,9402
33,google-asia-east2,2020,9402
33,google-asia-east2,2044,9402
33,google-asia-east2,2603,9402
33,google-asia-east2,2038,9402
33,google-asia-east2,2136,9402
33,google-asia-east2,1976,9402
33,google-asia-east2,2003,9402
33,google-asia-east2,1980,9402
33,google-asia-east2,408,9402
33,google-asia-east2,353,9402
33,google-asia-east2,2063,9402
33,google-asia-east2,670,9402
33,google-asia-east2,2105,9402
33,google-asia-east2,2013,9402
33,google-asia-east2,379,9402
33,google-asia-east2,424,9402
33,google-asia-east2,361,9402
33,google-asia-east2,2036,9402
33,google-asia-east2,2048,9402
33,google-asia-east2,2023,9402
33,google-asia-east2,2014,9402
33,google-asia-east2,1990,9402
33,google-asia-east2,2008,9402
33,google-asia-east2,1987,9402
34,google-asia-northeast1,1794,9669
34,google-asia-northeast1,1688,9669
34,google-asia-northeast1,1745,9669
34,google-asia-northeast1,1696,9669
34,google-asia-northeast1,1691,9669
34,google-asia-northeast1,1731,9669
34,google-asia-northeast1,1678,9669
34,google-asia-northeast1,1461,9669
34,google-asia-northeast1,1686,9669
34,google-asia-northeast1,1691,9669
34,google-asia-northeast1,1770,9669
34,google-asia-northeast1,1695,9669
34,google-asia-northeast1,1762,9669
34,google-asia-northeast1,1701,9669
34,google-asia-northeast1,1661,9669
34,google-asia-northeast1,1703,9669
34,google-asia-northeast1,1663,9669
34,google-asia-northeast1,1695,9669
34,google-asia-northeast1,1668,9669
34,google-asia-northeast1,1663,9669
34,google-asia-northeast1,1705,9669
34,google-asia-northeast1,1682,9669
34,google-asia-northeast1,1676,9669
34,google-asia-northeast1,1658,9669
34,google-asia-northeast1,1722,9669
34,google-asia-northeast1,1667,9669
34,google-asia-northeast1,333,9669
34,google-asia-northeast1,1682,9669
34,google-asia-northeast1,1678,9669
34,google-asia-northeast1,1737,9669
34,google-asia-northeast1,1684,9669
34,google-asia-northeast1,341,9669
34,google-asia-northeast1,1754,9669
34,google-asia-northeast1,1702,9669
34,google-asia-northeast1,1677,9669
34,google-asia-northeast1,1726,9669
34,google-asia-northeast1,1434,9669
34,google-asia-northeast1,1666,9669
34,google-asia-northeast1,1745,9669
34,google-asia-northeast1,1714,9669
34,google-asia-northeast1,1692,9669
34,google-asia-northeast1,1790,9669
34,google-asia-northeast1,1684,9669
34,google-asia-northeast1,1694,9669
34,google-asia-northeast1,1673,9669
34,google-asia-northeast1,305,9669
34,google-asia-northeast1,1453,9669
34,google-asia-northeast1,1502,9669
34,google-asia-northeast1,1465,9669
34,google-asia-northeast1,1686,9669
34,google-asia-northeast1,1712,9669
34,google-asia-northeast1,1832,9669
34,google-asia-northeast1,1902,9669
34,google-asia-northeast1,1691,9669
34,google-asia-northeast1,1691,9669
34,google-asia-northeast1,1693,9669
34,google-asia-northeast1,1668,9669
34,google-asia-northeast1,1814,9669
34,google-asia-northeast1,1682,9669
34,google-asia-northeast1,1759,9669
34,google-asia-northeast1,305,9669
34,google-asia-northeast1,284,9669
34,google-asia-northeast1,1708,9669
34,google-asia-northeast1,354,9669
34,google-asia-northeast1,1736,9669
34,google-asia-northeast1,1758,9669
34,google-asia-northeast1,1799,9669
34,google-asia-northeast1,1705,9669
34,google-asia-northeast1,291,9669
34,google-asia-northeast1,299,9669
34,google-asia-northeast1,1810,9669
34,google-asia-northeast1,1721,9669
34,google-asia-northeast1,1669,9669
34,google-asia-northeast1,1684,9669
34,google-asia-northeast1,1700,9669
34,google-asia-northeast1,1689,9669
34,google-asia-northeast1,1669,9669
34,google-asia-northeast1,1703,9669
34,google-asia-northeast1,1732,9669
34,google-asia-northeast1,1711,9669
34,google-asia-northeast1,1442,9669
34,google-asia-northeast1,1692,9669
34,google-asia-northeast1,372,9669
34,google-asia-northeast1,1702,9669
34,google-asia-northeast1,287,9669
34,google-asia-northeast1,1778,9669
34,google-asia-northeast1,306,9669
34,google-asia-northeast1,1729,9669
34,google-asia-northeast1,1712,9669
34,google-asia-northeast1,1697,9669
34,google-asia-northeast1,296,9669
34,google-asia-northeast1,1678,9669
34,google-asia-northeast1,305,9669
34,google-asia-northeast1,1714,9669
34,google-asia-northeast1,1714,9669
34,google-asia-northeast1,306,9669
34,google-asia-northeast1,1761,9669
34,google-asia-northeast1,1786,9669
34,google-asia-northeast1,1733,9669
34,google-asia-northeast1,1672,9669